device_id,product_name,serial_number,model_number,software_version
1,Apple iPhone 12,NMQJ4T2NMN,3SLEZXA,12.1.3
2,Apple iPhone 14,E237XAQB3X,BTGL84X,16.0.2
3,Apple iPhone 12 Plus,AJDANUTU45,CHENTB2,16.1.2
4,Apple iPhone 13 Plus,8BYHQUR3UW,R42RCB4,16.0.0
5,Apple iPhone 13,RRV3658XNE,PN8R28/,16.0.1
6,Apple iPhone 12,JQ352N7C4Z,UK5QWYT,15.9.3
7,Apple iPhone 13 Plus,XHGD98FWJY,FUUKMKH,16.0.2
8,Apple iPhone 12,3UDBR4ZMKB,AFQ5XAJ,16.0.0
9,Samsung Galaxy S20,B5Y44KSBCR,JTPRHRH,15.9.3
10,Apple iPhone 13 Plus,B6VDY83STK,PLGNNSA,12.0.4
11,Apple iPhone 14 Max,FZKS4LADLC,NFS/B7G,16.0.0
12,Apple iPhone 12 Plus,W9AFFLMUAD,HX4G83M,15.9.4
13,Apple iPhone 14,2STUFMAX7R,6LM5F4Z,15.9.0
14,Apple iPhone 13 Plus,PGC8N2NPLG,4KADVZU,16.0.2
15,Apple iPhone 13,N5L2ZY2CNY,YVWG/8K,16.1.2
16,Apple iPhone 14,QDEHB63FGN,8PPZ2YS,16.0.2
17,Samsung Galaxy S23,336P9FXGZH,PYBE97W,15.9.0
18,Apple iPhone 14 Max,KV4YA2992C,9MR5ZHY,16.1.2
19,Apple iPhone 12,MX8GW8HF7C,XHQRZC3,12.1.3
20,Apple iPhone 14 Max,3W8CAEMGPS,6Y4QJQU,15.9.3
21,Samsung Galaxy S20,HPVVVCLU2X,AURBW5A,16.0.0
22,Samsung Galaxy S10,E8PV9PXA9Z,UEHX/A5,16.0.0
23,Samsung Galaxy S22,QH66XNNTDA,93M3MMD,15.9.3
24,Apple iPhone 13 Plus,Z6RQKDX47Z,WUK2LRU,16.0.0
25,Apple iPhone 14 Max,GYP962C62X,R73472M,12.1.3
26,Samsung Galaxy S21,P3DM4B6NC5,Y2MLZFM,16.1.2
27,Samsung Galaxy S23,RELQTC88NF,JS74S4N,15.9.4
28,Apple iPhone 13,8YWAUPL4VK,8J/6RGL,16.1.0
29,Apple iPhone 14,E9DVGDQA4Q,G9MVRVY,16.0.0
30,Apple iPhone 13 Plus,GSR9TKMX8A,QCX3S5Z,15.9.0
31,Apple iPhone 14,WJ49665KJ3,YNP/JRJ,16.1.2
32,Apple iPhone 12,D9Z3LASUJ9,Z/94Y2Q,12.1.3
33,Apple iPhone 14,MU9ZSA9RTN,RQA3J4E,16.0.0
34,Apple iPhone 12 Plus,U4U9VYFN2R,RW4J36X,15.9.0
35,Apple iPhone 13,Z2LNFRYTWF,SF4E/6X,16.0.1
36,Apple iPhone 12,NAESHR2C6Q,5BXTFV2,12.1.3
37,Apple iPhone 14,DWHVPTVLGB,FUQL8HL,16.1.0
38,Samsung Galaxy S21,SJ9L9MV8W8,KDV77DP,15.9.0
39,Apple iPhone 12 Plus,7YJ4DMQZ8S,/3TP8CT,16.1.2
40,Samsung Galaxy S21,ZMV325D5CU,Y8UWVA6,12.0.4
41,Apple iPhone 14 Max,E67Y45JTHV,M6HM/BH,16.1.0
42,Apple iPhone 14 Max,KWR55HZHAA,D/MKB/B,16.0.2
43,Apple iPhone 14,J3442LZZY7,8/CW6KQ,16.1.2
44,Samsung Galaxy S10,H5YS8V34BE,H/EZHXC,12.1.3
45,Apple iPhone 14,277FAQ95N4,XW9/DCP,16.1.1
46,Apple iPhone 13,JAHGCM5SMW,RTJYZZB,12.1.3
47,Apple iPhone 14,MQ2LP2ZNUF,9ESEDB5,12.0.4
48,Samsung Galaxy S23,TR66HQ9EBF,A79ZK7F,16.1.0
49,Apple iPhone 13,X7JD7AX597,7NDUYHB,12.1.3
50,Samsung Galaxy S23,F4HTFJPPM3,KXS9AXC,16.0.0
51,Samsung Galaxy S22,2FVCBL4GZA,CDQXDA3,15.9.3
52,Apple iPhone 12 Plus,4234M2KV6T,EL9WPDP,16.1.1
53,Apple iPhone 14 Max,ZTD6TPY7AM,UBKSQBT,15.9.0
54,Apple iPhone 12,G3G6E338B2,YY8AK6C,16.1.0
55,Apple iPhone 13,BUWFD3LJRH,W5E7FHK,16.1.1
56,Samsung Galaxy S21,KWAD27M3FS,97BZ2X8,15.9.3
57,Samsung Galaxy S22,H73LHRCNDZ,3CUTEYF,12.0.4
58,Apple iPhone 13 Plus,HW8XDQEXEZ,2UFE67V,12.0.4
59,Samsung Galaxy S23,DVVJD3TMCD,3NGK4QD,16.0.1
60,Apple iPhone 12 Plus,YQX28UW7AB,6NKV4ZG,16.1.2
61,Samsung Galaxy S20,6BFPZFZRJX,SEUAMVJ,15.9.3
62,Apple iPhone 12,8FGDXNJPVH,F5XRBE2,16.1.1
63,Apple iPhone 13 Plus,K8X7ER36LE,KDK2DRJ,12.1.3
64,Apple iPhone 13,6GBQKXGWV3,Y79HQT7,15.9.3
65,Samsung Galaxy S22,8BR3XP6DFA,FV3H/4U,12.0.4
66,Apple iPhone SE,PRKFBTT955,DMF4PZX,12.0.4
67,Apple iPhone 13 Plus,VL27NCRVU6,YSXEGSN,12.1.3
68,Apple iPhone SE,RZUCHGRW97,RJX8CXR,15.9.4
69,Apple iPhone 12,7QCL84XLUQ,4634T29,12.1.3
70,Samsung Galaxy S10,DNCCMJCU7A,68SJ7LW,16.0.1
71,Apple iPhone 14 Max,UAXR6GETBV,2T4QDWE,16.1.1
72,Apple iPhone 14 Max,M8UNC5CTG7,AYGV7RF,12.0.4
73,Apple iPhone 12 Plus,A7MGTTPL9S,JWXWZ8R,16.0.2
74,Apple iPhone 14,KYAJ8T4VYH,9PBB/VL,16.0.2
75,Apple iPhone 12 Plus,M4KL7ZH9QT,7GD29NJ,15.9.4
76,Samsung Galaxy S23,AZ2D47ABAG,MQBZSWP,16.1.1
77,Apple iPhone 12,UQEVNPYYHG,89LPRW7,12.0.4
78,Apple iPhone 14,KDPRLW2KHC,H9RFVDW,12.0.4
79,Apple iPhone 14,G9RVGCBKY8,2S3AU9J,16.0.0
80,Samsung Galaxy S21,EENZNP5CBL,XZT5GMC,16.1.0
81,Samsung Galaxy S20,Q5PPRG6ZQV,W9ABWA5,16.0.0
82,Apple iPhone 13,K5KEBVT6SH,KB4HHSK,16.1.2
83,Apple iPhone 13,BRJG8UAWMY,KZQXYA8,16.0.0
84,Samsung Galaxy S10,3HQQCVWEQ6,/JGFVH/,16.0.2
85,Apple iPhone 14 Max,ZWTKJ4MX8G,9KGEKYT,16.1.1
86,Samsung Galaxy S23,P2XHUH9MEM,F565DSG,16.0.0
87,Apple iPhone 14,NUW4MDPB7D,QLMZRKZ,16.0.0
88,Apple iPhone SE,RNBTXNFNMZ,TMJ7W93,16.0.2
89,Apple iPhone 12 Plus,279FFWCH8T,YP2DN9W,12.0.4
90,Apple iPhone 13,R4YWUE3LLU,XCG44V8,15.9.0
91,Apple iPhone 12,6N57BMBLBU,H3TA8P3,16.1.1
92,Apple iPhone 12 Plus,GRURA7JFLW,28NVDTB,15.9.0
93,Apple iPhone 12,CA9XP3EVC5,/AYQ2P6,16.0.1
94,Apple iPhone 13 Plus,CG5QNNW7ST,4M9VCW9,16.1.0
95,Apple iPhone 13,3T4Y4GX8EG,3UZXK/E,16.0.2
96,Apple iPhone 13 Plus,7KRA3TRSKW,/RRZ7LJ,15.9.0
97,Apple iPhone 14 Max,FT5M2WUUVZ,3NYD4/H,12.1.3
98,Samsung Galaxy S23,M96S8Z3ED5,NBERBL6,16.0.0
99,Samsung Galaxy S21,FNNZ8NJP2V,EL59XJQ,16.0.1
100,Samsung Galaxy S23,Z2NP4SPL9C,V8J9J4Q,16.1.2
101,Apple iPhone 14 Max,ZUE9NM94QC,/8ZYLPC,15.9.4
102,Apple iPhone SE,9AVUTPX6QM,2BB8TZ6,15.9.0
103,Apple iPhone 12 Plus,Y4X6EC45S4,TKS2FUC,16.0.1
104,Samsung Galaxy S23,X34H9A2NLA,W/UGEHA,16.0.1
105,Apple iPhone 14,8P8N3CZYEZ,SHQJCEB,16.0.0
106,Samsung Galaxy S23,6DHJPF2AYY,NC4S9LY,16.1.1
107,Apple iPhone 14,G5AH89BUCF,5QQUVG4,15.9.0
108,Apple iPhone 13 Plus,RZTQBUMASM,A8TPMA/,16.1.1
109,Apple iPhone 14,WWNNVXHWMM,8RD3A2H,12.1.3
110,Apple iPhone 14 Max,XNNZTHKY26,DQ6RWUU,16.1.2
111,Apple iPhone 13 Plus,UCJ5PN76SC,E24BHEM,15.9.4
112,Apple iPhone 14,3Y8SPFFSRU,XX4M2U3,16.0.1
113,Apple iPhone 12 Plus,5J8YTCX9LG,TUEWEAB,16.0.2
114,Samsung Galaxy S23,VJVNYVJAQH,2HVJNR6,16.0.1
115,Samsung Galaxy S10,A4BD8FWATC,7LDLZYX,15.9.4
116,Apple iPhone 13,JBJKZYC9LZ,8MS3BAS,15.9.3
117,Samsung Galaxy S10,YQYNBEH22E,HTEJCBU,16.1.1
118,Apple iPhone 13,DCLS3STFYE,H9YAV8R,16.1.1
119,Apple iPhone 12,KVDPTPLH56,/EX8WJ5,16.0.1
120,Apple iPhone 12,GK8YPTRD3K,EDG9S8J,16.1.1
121,Apple iPhone 12 Plus,QDGWKFF8ZS,/98NUBL,12.0.4
122,Samsung Galaxy S23,CHB55WSWDZ,SWHHP82,16.1.0
123,Samsung Galaxy S10,DV3EJ6CN5X,MM249R/,12.1.3
124,Samsung Galaxy S10,4KYH4C7JP6,HN27AV7,16.0.1
125,Apple iPhone 12 Plus,ZD6S8CK85C,H/ZQFMC,15.9.4
126,Samsung Galaxy S23,TEGMHQP8BM,NG/X3PL,16.1.2
127,Apple iPhone 12,V2Y2M63QQT,M8QK9XR,12.0.4
128,Apple iPhone SE,25RBZ2N6VS,6DSAZBW,15.9.0
129,Samsung Galaxy S23,2VM8LK364V,/9P4ZUV,15.9.0
130,Apple iPhone 14,9UKNFYQMMQ,7C3XH6W,12.0.4
131,Samsung Galaxy S23,H94RPGGTYD,UHBVSHL,16.0.1
132,Apple iPhone 14,K9LGXXW52C,S9TTT2M,16.0.1
133,Apple iPhone 12,QVRERRYGP6,MUTH8ZZ,16.1.0
134,Apple iPhone 13 Plus,5RCYGE8GEG,VU5KWAQ,12.0.4
135,Samsung Galaxy S22,REMV4R3WV9,GEPB5Y3,12.1.3
136,Samsung Galaxy S23,RZBEGHSUMR,Z8MECM8,15.9.4
137,Samsung Galaxy S10,SBE8SAMYMK,CWFJA/G,15.9.3
138,Samsung Galaxy S22,G9M5F653W9,Y7BJUXR,15.9.3
139,Samsung Galaxy S20,ZEHZQ782XX,UJLUW2Y,16.1.1
140,Samsung Galaxy S21,GHHTHS5HNS,UXUCQKV,15.9.4
141,Apple iPhone 12 Plus,S5FZMM7TA9,WAKE53V,16.1.2
142,Apple iPhone 12 Plus,H6FT5TFF9Q,5UPBYCM,15.9.0
143,Apple iPhone 14,VQFQW4DYR6,FTAT79H,15.9.4
144,Samsung Galaxy S23,AJ2UKB75R5,LFRSDUB,12.1.3
145,Apple iPhone SE,DLVPN2NM93,R5KYG8V,15.9.0
146,Samsung Galaxy S22,LHCU5RLLVY,7VDZFFG,16.0.0
147,Samsung Galaxy S21,VDGLXRG79N,85V9Q7N,16.0.2
148,Samsung Galaxy S20,VSH4ENSFSD,RRKKMYT,16.0.1
149,Samsung Galaxy S10,2A75XWP2XA,N6Y4CJK,12.0.4
150,Apple iPhone 12,KFRKTVB9ZA,PW737GB,15.9.3
151,Apple iPhone 14,9LEH3TPG7B,ZSMCWKN,16.1.2
152,Apple iPhone 14 Max,YH2RJF4ZCC,87PTFSP,16.0.1
153,Samsung Galaxy S20,UDVZXQRJMN,ZU6FT5T,12.0.4
154,Samsung Galaxy S21,ST9B4P3TY6,WFCD5S6,16.1.2
155,Samsung Galaxy S10,EG35UBZXXY,/RHM6A2,12.1.3
156,Apple iPhone SE,8AF9ZLURBY,JCRPKMA,16.0.2
157,Apple iPhone 14,A7XWYQ5CSX,3VMUG24,16.1.0
158,Apple iPhone 14,5VU55CL4F6,S53YMK/,16.0.2
159,Samsung Galaxy S20,QJAZCQWFRK,RLM7SJF,16.1.1
160,Apple iPhone 13,YRKAKWCHT7,X/XDB6Q,16.1.1
161,Samsung Galaxy S23,DBNZUCUGD7,MSAUPPZ,15.9.4
162,Samsung Galaxy S22,BRD4EVEJAK,LMLM8/X,15.9.4
163,Samsung Galaxy S23,8LLZJHWXFJ,6G269BB,12.1.3
164,Apple iPhone 12 Plus,YS3YFTFCPY,L9SVNDM,16.0.2
165,Apple iPhone 13 Plus,XUKN4KXMZJ,NMLRZ4F,16.0.0
166,Apple iPhone 12 Plus,LFMAPTZXGD,7NUBUN8,16.1.1
167,Samsung Galaxy S21,XDK6KUPCMF,F4T7R5K,16.0.1
168,Apple iPhone 14,KENP79XHU7,VA5GQ8Z,15.9.3
169,Apple iPhone 12,WZCWJFNXQR,XLVYC3U,16.1.1
170,Samsung Galaxy S20,AW9LLUC4CM,HT7JT/L,15.9.0
171,Apple iPhone 12 Plus,83JJKB7CWY,CGFZ2F2,16.0.2
172,Apple iPhone 13,9X7S7XM2MS,NC3KSE5,16.0.2
173,Samsung Galaxy S10,BYVWNDNKMW,5Z87928,12.1.3
174,Apple iPhone 12,B3K9BWMVYH,/HD8BN7,16.1.2
175,Samsung Galaxy S23,V6JNBGHJSJ,96KX5/M,16.1.1
176,Samsung Galaxy S10,64FMHHSCZS,CBTSYM/,16.1.2
177,Samsung Galaxy S10,R2F9LFQBYH,/79TZQZ,15.9.0
178,Samsung Galaxy S20,J6HGB22R5U,W45TCG/,15.9.3
179,Apple iPhone 13 Plus,FZL9TWCLDF,CQVTNKL,16.1.2
180,Apple iPhone 14 Max,24VNWP29AY,TZ3TQ8M,12.0.4
181,Samsung Galaxy S20,2D86NSM5VE,NHBGCH7,15.9.0
182,Apple iPhone SE,PUEF54CZM3,62/N/VN,16.1.1
183,Apple iPhone 13,L5FKT4GYYP,26B/HGC,12.0.4
184,Apple iPhone SE,X5FDC6KWK2,FBCQUGM,12.0.4
185,Apple iPhone 13,S58B4HZG2N,8NCW4W4,16.0.2
186,Apple iPhone 12 Plus,C6DQBNKCN7,E7NTMHQ,16.0.2
187,Samsung Galaxy S21,6QTUFQDYJH,XSSNBDL,12.1.3
188,Apple iPhone 14,8TPQ9X7B3J,DGWJKRE,15.9.4
189,Samsung Galaxy S10,X6LMZZNF4E,PJ594VK,15.9.3
190,Apple iPhone 13 Plus,7CY9YYHERH,PJ/V84T,16.1.0
191,Samsung Galaxy S20,5HPTDB4C4K,TVMLH2V,16.0.0
192,Apple iPhone 12,BWJSD8WJKK,7ZB28PZ,16.0.1
193,Apple iPhone 14 Max,F554265HA2,XXFPVLP,16.1.2
194,Samsung Galaxy S20,73YN4GC5GY,JD7CZ63,16.0.1
195,Apple iPhone 12,DM7KRT5FE4,2JUQENW,16.1.1
196,Apple iPhone 13,XAXJJAFXMP,HFE/DX9,16.1.1
197,Samsung Galaxy S22,ZSCQQUK8NZ,ETNUCKA,15.9.0
198,Apple iPhone 12 Plus,ZKX4EUDNVB,94CQM7K,16.1.0
199,Apple iPhone 12,NH57EWF6EM,Y9TMEXE,15.9.4
200,Apple iPhone 12 Plus,P857J2HHAA,Z37NM5C,15.9.0
201,Samsung Galaxy S10,AKCQVAXN4E,GPBC7Z7,15.9.4
202,Samsung Galaxy S10,3J2ASZU8NM,WTWFP5T,12.1.3
203,Samsung Galaxy S22,R76MUBEZVW,3UKPLNG,12.1.3
204,Apple iPhone 13,CW7TGKKLAF,88YVS45,16.1.1
205,Samsung Galaxy S22,LGEFLDRVEP,Z8G8VP3,16.1.0
206,Samsung Galaxy S23,WZQD5GMW35,86J4D2Y,15.9.0
207,Apple iPhone 12,4MX8WJ8FPR,53DPUKK,12.1.3
208,Apple iPhone 12 Plus,RM4YMPUV59,B758FMF,16.0.2
209,Apple iPhone 12,VUXSHHHBZK,D7KSATZ,15.9.4
210,Apple iPhone SE,S54SNJWQQB,B2E6RY7,16.1.2
211,Samsung Galaxy S20,P8EZQZ2LJB,/UJCV7J,16.1.2
212,Apple iPhone 13 Plus,TQHR58TYKW,6FCYG5Q,12.0.4
213,Apple iPhone 13,6PVH3T4KVN,W9HZCEN,16.1.2
214,Apple iPhone 12,XHQCSSCD23,TGS9M9B,15.9.3
215,Apple iPhone 14 Max,HFG8HMAH32,3VC6UTB,16.0.1
216,Apple iPhone 13 Plus,YT8X7W2ZMU,V5UXHCR,16.0.0
217,Samsung Galaxy S21,DCS7M2YLT4,MJ25/RT,16.0.0
218,Apple iPhone 14,6HWMJV34CD,T5VUGQ2,15.9.0
219,Apple iPhone 13,BE3PFFAQQF,DYZLGHW,16.0.1
220,Apple iPhone 12 Plus,S4KFZNR8QQ,4AW/6AX,15.9.4
221,Apple iPhone 12,ANJSVHY95L,SVN5MMD,12.0.4
222,Apple iPhone 14,TG3ADABBM9,YYAAD3E,16.0.0
223,Apple iPhone SE,WYYQNF96KC,KK4RVDJ,15.9.3
224,Samsung Galaxy S20,TKGFXRB4EF,A5DNG/C,16.0.0
225,Apple iPhone 14,TB2ZRKGMKX,CPWHBZU,15.9.3
226,Samsung Galaxy S21,ND6C587JVG,HCB5LE2,16.1.0
227,Samsung Galaxy S23,FKBE7KCKSA,W6NRWZW,15.9.3
228,Apple iPhone SE,LG92769VG7,YBQ3X48,16.1.1
229,Apple iPhone 13 Plus,JDYLR3ET2Q,FY3VGQW,16.1.2
230,Apple iPhone 12 Plus,XXQPC4R2PS,RAA5/3Y,15.9.4
231,Apple iPhone SE,LEVG5SS8NL,NC/K5LV,16.0.0
232,Apple iPhone SE,9AXCN3N5EK,HEUR7DK,15.9.4
233,Apple iPhone SE,QJ8YDAAV6Q,YSE5//8,16.0.0
234,Samsung Galaxy S23,9G58YXGVXV,SH7CDC6,16.1.0
235,Apple iPhone 13 Plus,WL4NRTJ5X2,3V7SVDJ,16.1.2
236,Samsung Galaxy S22,GNUC38AXY7,5JQX87/,12.0.4
237,Samsung Galaxy S10,M22V32GCE4,LQEDA2B,15.9.3
238,Apple iPhone 12,6DD4N2P9NH,ZNL3NMF,15.9.3
239,Samsung Galaxy S20,SYSB7CRG6E,WLTLN96,16.1.1
240,Samsung Galaxy S10,AJDZDSQRV8,Z5RSUF4,16.1.0
241,Apple iPhone 12 Plus,SP6MXA3UKD,RHHUGQN,16.0.2
242,Samsung Galaxy S23,JYSTFK5SD9,Z9867WZ,12.0.4
243,Apple iPhone 13,BURHYEPMHW,TTELXMN,16.1.2
244,Samsung Galaxy S10,33SKEZQNEE,9QS9492,16.0.1
245,Samsung Galaxy S21,EM932BA8YD,VZ4P7HX,15.9.3
246,Samsung Galaxy S22,WHP6VDHGBB,25ETBN5,16.1.0
247,Apple iPhone 14,5EF4YUC8NK,/X7CS9W,16.0.1
248,Apple iPhone 12 Plus,QMWDAXWG6L,62QQT8P,16.0.0
249,Apple iPhone SE,48YJWHSKY4,5B82WFE,16.1.1
250,Apple iPhone 14,VEABC7G6DE,DW/7Y8U,16.0.2
251,Samsung Galaxy S21,3R3JVKKF7W,6CDZLVK,16.1.0
252,Apple iPhone 12,NHBPRJ4TKV,LS6UCSD,16.0.0
253,Apple iPhone 13,PUMDUQ9NDS,H2CTK29,16.0.1
254,Apple iPhone 12 Plus,JKLBSDS28C,NU94NDE,16.0.2
255,Samsung Galaxy S20,WJVJNAZ8G4,EEULM3T,16.0.2
256,Apple iPhone 13,VPNR5ENJ23,LLX24GF,12.0.4
257,Apple iPhone 13 Plus,VK5UEJR7SH,BSKTGJ6,16.1.0
258,Apple iPhone 14,MRSPWAC9G6,AA4H8RJ,16.1.2
259,Apple iPhone SE,VN2SXTGLN3,3PF37D6,16.0.0
260,Apple iPhone SE,GR2BTJUT3P,RQQPM6R,16.0.1
261,Apple iPhone 12 Plus,293ZAUX7KS,4ENURAC,16.1.2
262,Apple iPhone 14,44UG5PJNYL,2YNCLH/,12.0.4
263,Apple iPhone 14,BS3JM8JHJY,PZNHZJF,15.9.4
264,Samsung Galaxy S21,MZS8JF94JR,S2KWD/L,16.1.1
265,Apple iPhone SE,K2SF546V8W,ESBMG5C,16.1.2
266,Apple iPhone 13 Plus,49VKWDM7CP,A8RSZLE,16.1.1
267,Apple iPhone 13,LTLRKPTW68,WWHSX64,12.1.3
268,Apple iPhone 14,2RYMZY7JQP,B86K53Y,16.0.0
269,Samsung Galaxy S20,ZXXQ5HFEMJ,GLY8N8Q,15.9.3
270,Apple iPhone 12,ZVUBM57DC5,D9DEW42,15.9.3
271,Apple iPhone 13 Plus,6B8CM4YTLK,5443QNQ,15.9.4
272,Samsung Galaxy S23,78GP9E9UMS,SD2UTA5,16.0.1
273,Apple iPhone 12,LV42KRLSB5,CU2WLNZ,16.0.0
274,Samsung Galaxy S22,KH5E3LXXYN,L6MLDY6,16.1.2
275,Apple iPhone SE,VLT8PBQ2LK,9FJK/KZ,16.1.1
276,Apple iPhone 12 Plus,EFQ7MLPLHD,PURK6YR,12.1.3
277,Samsung Galaxy S10,CG33TTZKCQ,E5F9GFN,16.1.0
278,Samsung Galaxy S22,2RVZEWS4WG,7R7HNBQ,15.9.3
279,Samsung Galaxy S21,3RYJBXZ5NA,PQF243K,15.9.0
280,Samsung Galaxy S10,NWLGQ7UM93,CB8JCJ7,15.9.3
281,Samsung Galaxy S10,2H6QMJXTE8,JVCLENC,16.0.2
282,Apple iPhone 12 Plus,6FQW333JFH,WWMCP2S,16.1.0
283,Apple iPhone 13 Plus,JVCVU4Q9PP,/YSAPQU,16.1.2
284,Apple iPhone 14,HT2GS9P4PP,LHAT3HW,15.9.4
285,Apple iPhone 13 Plus,Y6JW3J3UM3,Z7C2V5W,12.1.3
286,Apple iPhone 12 Plus,8UYL4J6X9A,CSP68PA,16.0.1
287,Apple iPhone 13,7Z7BQGRYV8,U4X6TPR,16.1.1
288,Samsung Galaxy S23,TKMV9FYZ99,R7C695Z,15.9.4
289,Apple iPhone 14,PRK3JZJGWH,8B6NJ6Z,16.1.2
290,Samsung Galaxy S21,CKL7FPPQVU,F3DMKKH,16.0.2
291,Samsung Galaxy S22,YPCVBKSEPE,87FFJMY,15.9.4
292,Samsung Galaxy S23,ZL8AK7YHNP,4FTKYVQ,16.1.2
293,Samsung Galaxy S22,L8RVNQQM97,8AR48HE,12.1.3
294,Apple iPhone 14 Max,GTWP7657L8,QMP3QW6,16.1.2
295,Apple iPhone 12,SVG4TEXA7A,GLJPJ9F,15.9.3
296,Apple iPhone 13,68XHZSY3QG,DM2KXNL,15.9.0
297,Samsung Galaxy S22,786BV3EGNL,5C5ZGHM,16.1.0
298,Apple iPhone 13 Plus,AEVA2R9D4V,KPS834H,16.0.0
299,Apple iPhone 13 Plus,X3UL58GFZS,JTTG8CC,16.1.1
300,Samsung Galaxy S10,7GQY8WYQQ4,2W2BVXG,16.0.2
301,Apple iPhone SE,X35AJQ2LL4,S2SERRY,16.1.1
302,Apple iPhone 12 Plus,RD58DSKDC3,/5NX8DA,16.0.1
303,Apple iPhone 13,4XL8PC927E,S3CM/7V,16.1.1
304,Apple iPhone 13,JKLY9PEQNR,5V2ZXPF,16.1.2
305,Apple iPhone 13 Plus,A8TJHD5B2X,5/HANYE,12.1.3
306,Apple iPhone SE,MBAHUNP4GH,9BQ2D2Q,12.1.3
307,Apple iPhone 13 Plus,EZJ72Y4VHC,KQVRZG2,15.9.3
308,Samsung Galaxy S10,KHLSXBN63G,NZWMNDW,16.1.0
309,Apple iPhone 14 Max,DZV3ZYQXR8,ZDBEC4Q,16.0.2
310,Apple iPhone SE,D8DCU2SANR,FXRUJUN,16.0.2
311,Samsung Galaxy S10,U8BLEESSDL,GYM32XQ,12.1.3
312,Apple iPhone 14 Max,G2P9VQETQ3,E3W4MUG,16.1.1
313,Samsung Galaxy S21,7FLQBZF55V,JYSJHZ/,16.0.0
314,Apple iPhone 13,TS9R8SRCFY,7LXZNJ/,16.0.1
315,Apple iPhone SE,FTQV67ZD65,4GGKTTG,12.1.3
316,Apple iPhone 13 Plus,XNWXSHXY79,HZCC9/G,16.1.0
317,Samsung Galaxy S21,SUW7AGAATY,C//DNK4,16.1.2
318,Apple iPhone 14,3GZ9HS7KLK,2NVT8/J,12.1.3
319,Samsung Galaxy S10,AH2LHWDSHV,4VMB22C,16.0.2
320,Apple iPhone SE,GMX8KHDQZP,5JGQMYY,15.9.3
321,Apple iPhone 12 Plus,MRWQYH3LAE,RMKAS9T,16.0.2
322,Apple iPhone 13 Plus,UQFRKMW5BL,Z452QFQ,16.0.0
323,Apple iPhone 12,M7ZVGN6BV5,/HEAAMN,16.1.0
324,Samsung Galaxy S23,XMDSH8JSZW,Z5/KL/N,16.0.2
325,Samsung Galaxy S22,C55K6W5FSA,RL68YPG,12.1.3
326,Apple iPhone 12 Plus,4WNUBN5HR2,Q7ED4AQ,12.1.3
327,Apple iPhone 13 Plus,AYAFHZUSD9,UGGU2U7,15.9.0
328,Samsung Galaxy S20,85YE2QNWNN,YX4ST76,16.1.1
329,Samsung Galaxy S10,Q495SK85V4,YYJ2KC7,16.0.1
330,Apple iPhone 12 Plus,GUYUYCUX7S,6/K5JTT,15.9.4
331,Samsung Galaxy S22,2E28YJKTHS,LRFRYD4,12.0.4
332,Apple iPhone 14 Max,CRH6F7V86L,5VUBJG6,16.0.1
333,Apple iPhone 12 Plus,PCG4GDF9L6,BVX63KB,16.0.0
334,Samsung Galaxy S10,GUPGUSQNXH,6C88A6R,15.9.0
335,Apple iPhone 14,MWYGNJ698M,QLZLHHV,15.9.4
336,Samsung Galaxy S21,HYTY5GDY8K,4A5N2QH,15.9.0
337,Apple iPhone SE,9TYXV2W2RU,VEEYBJX,12.1.3
338,Apple iPhone SE,MMLTNXUNHJ,5PGA6HF,16.1.1
339,Samsung Galaxy S20,3FWWENHSXP,DGKZ/BZ,12.0.4
340,Samsung Galaxy S20,EZRL3RE2ZU,634C2G9,16.0.1
341,Samsung Galaxy S23,4ZWV6H6RFS,DNHJQ9T,12.0.4
342,Apple iPhone 14,LK2UNDNKZF,5BTPWPB,16.1.0
343,Apple iPhone 14,WATBQGMURN,D3RN35G,16.0.1
344,Samsung Galaxy S23,S4UMUX4X72,3AEQ/3A,16.1.1
345,Samsung Galaxy S10,R343A6LVDY,PQBJXWT,15.9.4
346,Apple iPhone 14 Max,UXJ63VYFJN,C2WPV63,12.0.4
347,Apple iPhone 14 Max,KCAQE5YVKW,FUFC3K3,12.1.3
348,Samsung Galaxy S23,F725FQFYQZ,6SB7F2T,15.9.3
349,Apple iPhone 13 Plus,XWE3S8YD5S,RA7JN/U,16.1.0
350,Samsung Galaxy S23,9DKLEY6ASG,/E8Y29Z,12.0.4
351,Apple iPhone 12 Plus,6KS8EDKLKP,N6H369Q,16.1.2
352,Samsung Galaxy S21,DLLPFE3KTT,8E4F525,15.9.0
353,Samsung Galaxy S23,UR9YTN3YM5,PQDB258,15.9.4
354,Apple iPhone 14,TG65DZULPB,DGUWFPR,16.1.1
355,Apple iPhone SE,N5S7WDNU7D,Y6L693C,16.0.1
356,Apple iPhone 12 Plus,LC96FXB7HK,SRFSMDP,16.0.1
357,Apple iPhone 13 Plus,SYTYNJ6X7M,FVDVD5X,16.1.0
358,Samsung Galaxy S10,Q8NPS5P7CK,L9GQ7BL,16.0.1
359,Apple iPhone 13,9D6TPN92AV,AWP8D8A,16.0.0
360,Apple iPhone 13,D9BP5K8SWD,BFZTR/4,15.9.4
361,Apple iPhone 12,BW9JD75GEX,YDMNLHT,16.1.2
362,Apple iPhone SE,H2YJV35VM4,X2QZQB5,15.9.3
363,Samsung Galaxy S23,RMCAALHCNS,TLSJM4G,12.1.3
364,Apple iPhone 14 Max,XE694MBPL9,U3SFFLJ,15.9.3
365,Apple iPhone 13,KG3V93TMJW,ZNQ7XDE,12.1.3
366,Apple iPhone 12 Plus,5QPCKQAFRL,QD39M8H,16.0.0
367,Apple iPhone 13 Plus,3Y6RS652BQ,3PUS2RM,15.9.3
368,Samsung Galaxy S21,Y3KAD6HPX9,FLKBS2A,12.1.3
369,Apple iPhone 14,2D6TTCMU9E,ENB5GQR,16.0.0
370,Samsung Galaxy S22,LB7T637YJV,BLCSUPY,16.1.2
371,Samsung Galaxy S21,MPY2366TJK,FFJNUN8,15.9.3
372,Samsung Galaxy S22,R7D6AXRHEJ,PSQAM7R,16.0.1
373,Samsung Galaxy S22,F2RAN7NM76,5FZE7F2,16.1.1
374,Samsung Galaxy S21,RVJ3R7QR6G,VHAKVPN,15.9.3
375,Apple iPhone 13,GPMY5PS69E,/SM89WQ,16.1.1
376,Apple iPhone 14 Max,A5TS57JJ6M,GRDNU5G,15.9.0
377,Samsung Galaxy S23,S7Z2N74AZ9,7TZRKBA,15.9.4
378,Apple iPhone SE,RHXH3ZGDK7,3UEP2J5,16.0.1
379,Apple iPhone 13,MNR959D6RF,L7LDZVL,16.0.1
380,Apple iPhone 14 Max,N7JH3AJPVN,A6RYS9L,15.9.0
381,Samsung Galaxy S23,B27V6J7A3Y,9TDMKWE,15.9.0
382,Apple iPhone 12 Plus,LS82TFWW49,5MXGSJB,15.9.3
383,Apple iPhone SE,L7TYAZGASB,4H935UW,16.0.2
384,Apple iPhone 13 Plus,84TJHZVWW9,U7M7QUE,16.1.2
385,Samsung Galaxy S23,5LHQ827QPR,FY6Y3FN,16.0.2
386,Samsung Galaxy S23,MAK6J6JNCH,43ZMZUC,16.1.0
387,Apple iPhone 13 Plus,RD868X57XX,9FV2LZW,15.9.4
388,Apple iPhone 13 Plus,YBSYJ3UNP4,CFRH9EC,16.0.2
389,Apple iPhone 12,2Y9PMEKKS8,23F9UCQ,12.0.4
390,Apple iPhone 13,ZF7UFGEFUJ,S79A/CS,12.0.4
391,Samsung Galaxy S22,CKLES7AW2X,PLMKSVR,16.1.1
392,Apple iPhone 14,493SGNNLPA,75FHKH2,16.0.2
393,Samsung Galaxy S10,SLALU92DML,AP8YM7A,16.1.2
394,Apple iPhone 13,FMMUEJV37Q,ZXT5WJM,16.1.0
395,Samsung Galaxy S22,DN9RBPTSLN,UPTJ3Z8,16.1.0
396,Samsung Galaxy S21,G74JQT76C7,N5N4Z78,16.1.0
397,Apple iPhone 12 Plus,H5NKB5N8RC,YP5PLNH,16.1.2
398,Apple iPhone 14,DG5D62FX8G,ESYSGLU,16.1.2
399,Apple iPhone 14 Max,ZEGV2E3SC3,48V366C,15.9.0
400,Apple iPhone 12,U9WBQST2BM,A46D2X3,16.1.0
401,Apple iPhone 14 Max,4KH24G52HY,/X4X2A3,16.1.0
402,Samsung Galaxy S22,UKFFYGLR33,VSXVUAB,16.1.2
403,Apple iPhone 14 Max,AP5D3AKFQQ,JTD5ZY9,12.0.4
404,Samsung Galaxy S10,BNDMWAYF9X,9VXHYPW,16.1.0
405,Samsung Galaxy S22,9L4LMSF6BL,G86A7ZQ,16.0.1
406,Samsung Galaxy S20,8AZQPLXD58,6KTQ3/X,16.1.1
407,Samsung Galaxy S20,MSWWARBBCN,MJFDABA,16.1.1
408,Apple iPhone 13,GBVTP957JA,YZSLMZ9,16.0.2
409,Apple iPhone 14 Max,S85RZTLFY7,28TFSJA,16.0.1
410,Apple iPhone 12 Plus,EGQDGKLUBB,RPPVJAV,15.9.4
411,Apple iPhone 12 Plus,MV9JXG9HFN,ZW97KQV,16.0.0
412,Samsung Galaxy S10,247JJM6U9K,CP4B8FJ,12.1.3
413,Samsung Galaxy S22,QY46GPV8VC,BPQSNJA,16.1.2
414,Samsung Galaxy S23,CJFRYHGFKR,4C9/SKU,15.9.0
415,Samsung Galaxy S20,45AHSL5KPM,9J95RC8,16.1.0
416,Apple iPhone 13 Plus,7WNEFZMULD,ZB7EU98,16.0.2
417,Samsung Galaxy S10,AG4H6QHPJZ,8ME2/LT,12.1.3
418,Samsung Galaxy S23,BARKNYZ2L5,2VCQMAK,16.1.2
419,Samsung Galaxy S10,CWBWTXS3BN,BMXAUYG,16.1.0
420,Apple iPhone 12,JMJXYBQ8QT,7Z3XM5Z,15.9.3
421,Apple iPhone 14,AD9Q3YGG39,QD2VJ7F,12.0.4
422,Apple iPhone 12 Plus,995QBELNZ3,PNESHNA,15.9.3
423,Samsung Galaxy S21,Q2DZJPYB8Q,98V/8VH,16.0.2
424,Samsung Galaxy S23,CW82KBZW93,/ZKM7AV,16.1.0
425,Apple iPhone 13,BMTT3LJK6H,S6VZYFT,15.9.0
426,Samsung Galaxy S10,XZX3YLFJHG,857PP9B,15.9.0
427,Samsung Galaxy S10,MA2DE5TBMU,W/MKLUL,15.9.3
428,Samsung Galaxy S20,6UBX4TJ367,7D3Y5LU,15.9.3
429,Apple iPhone 13,AH9DTMB73N,DGDZKN8,16.0.1
430,Samsung Galaxy S22,5Q7N76UT8X,/N34LBP,15.9.0
431,Samsung Galaxy S22,7LGNRQARW6,CLH2UZP,15.9.0
432,Samsung Galaxy S20,9YKYBUC376,CQBLBMG,15.9.0
433,Samsung Galaxy S20,GM4DAEKHFJ,RJQ5C3M,16.1.0
434,Samsung Galaxy S23,QCJ7QC6WVK,S/3P2HJ,16.0.1
435,Samsung Galaxy S20,Z7JQPS5NNE,YEL3Y3X,16.1.2
436,Apple iPhone 12 Plus,H3949GCFB4,452T8JM,16.1.0
437,Samsung Galaxy S22,SBURSLF4MP,E97Q2PA,16.1.1
438,Samsung Galaxy S23,S99NW5ELHW,ZYHBSF5,16.0.1
439,Samsung Galaxy S21,SAL89NLMKL,VZSML3D,15.9.4
440,Apple iPhone 13,FKKRXRZKWQ,RCSNPC5,15.9.0
441,Apple iPhone 12,WNMKC5HWTA,KV4DXFX,15.9.4
442,Samsung Galaxy S21,CPS558CX2N,NMSSGV4,12.1.3
443,Apple iPhone SE,QVFTL7WV3C,W3CJSPN,16.0.1
444,Samsung Galaxy S21,4H4H9XPJUA,QEX4TLH,16.0.1
445,Samsung Galaxy S22,MUFT2WTA5M,TU96D75,16.1.2
446,Samsung Galaxy S20,5MP7ZQKYM2,MG4ZKY7,15.9.3
447,Apple iPhone 14,ZUULNU7RY6,/CSY79/,16.1.2
448,Apple iPhone 12 Plus,KY3MCU6C8P,DD2EEZ8,12.1.3
449,Samsung Galaxy S23,TNZMJS5XFQ,5WQQSWT,12.0.4
450,Apple iPhone 12,NYZL8BEPLK,B6URJWH,15.9.0
451,Apple iPhone 12 Plus,6DWP8E87BC,ZEQF4ZL,15.9.4
452,Samsung Galaxy S20,V2SS4V3CGV,8TDRMEJ,12.1.3
453,Apple iPhone 14,2VT7QBBM49,QRP7/XU,16.1.0
454,Apple iPhone 12,ML9Z7ZCEPZ,P7SCQGJ,16.1.1
455,Apple iPhone 13 Plus,FVDPSW8T8U,C239EZ8,16.0.0
456,Apple iPhone 12 Plus,4VDVS6LYDZ,3YX7JGD,16.0.1
457,Apple iPhone 13,3XY4Z8ZZXX,BSVBURM,16.0.0
458,Apple iPhone 12,XZBZYAQ8W7,UK8QBFA,12.1.3
459,Apple iPhone SE,5XL37KG8TC,HNGDPZ7,16.0.2
460,Apple iPhone 12,6L5SYMTZ73,VMBVPNH,15.9.0
461,Samsung Galaxy S20,M47MA77YYV,35S9U36,12.0.4
462,Apple iPhone 12 Plus,9YDTGCD522,22UEYFC,15.9.4
463,Samsung Galaxy S21,HZ3G6ER99H,ZEUZ26A,16.1.0
464,Samsung Galaxy S20,VCV2RAYUF2,4B9TF3P,15.9.4
465,Apple iPhone 14 Max,WWDBKRMUCR,56EEHUG,16.0.2
466,Apple iPhone 14 Max,NQMQRCUDGC,A98DFV9,16.0.2
467,Apple iPhone 13 Plus,XBLD5A7UT8,JY3JE2C,16.1.1
468,Samsung Galaxy S23,WDUAFXH842,XNLAWJE,16.0.2
469,Apple iPhone 14 Max,GV4WV4JUJN,B4NJ49J,12.0.4
470,Apple iPhone 12,RF84Y7TBZA,TG49F5/,15.9.3
471,Apple iPhone 14,HRD7FGB3LL,9PJJLNU,16.0.0
472,Apple iPhone 14 Max,EEK3G9MJGV,2X54WZN,15.9.4
473,Samsung Galaxy S22,8N9G5CTQ65,R3HF/8J,12.1.3
474,Samsung Galaxy S10,UHVRMBKNVU,VVMJC8W,15.9.4
475,Apple iPhone 14,GCM6FGN2W2,326WJUJ,16.0.0
476,Apple iPhone SE,24JX2NGVKF,6NQV5UB,15.9.4
477,Samsung Galaxy S21,E7XY8WLVXF,874UXAE,15.9.4
478,Apple iPhone SE,96QH447VP3,SZH7V/F,16.0.2
479,Samsung Galaxy S21,EPVVVXMGAD,A2R858B,15.9.3
480,Apple iPhone 12 Plus,VA83NUEMMW,UMYVYRK,16.0.2
481,Samsung Galaxy S22,K3NH8WM2AR,RVZSJNH,15.9.3
482,Apple iPhone 14,DYSPHAPTCT,9FWVS62,16.0.0
483,Apple iPhone 13 Plus,MN89PY59VD,2NK6H8D,16.0.1
484,Apple iPhone 14 Max,V69GJD5XTN,5WKCBR2,16.0.0
485,Apple iPhone 14 Max,6UTPLZA9LW,EDJYEDH,16.1.1
486,Apple iPhone 14 Max,RAYYDKXP4B,67TVMZR,16.1.0
487,Samsung Galaxy S22,TC9KAXHJR2,V38VWUK,15.9.3
488,Apple iPhone 12,LGS3T72NLK,K9STVHV,16.0.1
489,Apple iPhone 13,488E855MAH,Q4N3V7C,16.1.1
490,Samsung Galaxy S21,RBC66AUJQ7,M2DJXYG,16.0.1
491,Apple iPhone 12,EPBCZMS2RQ,5E/TJBQ,15.9.0
492,Apple iPhone 14,HC826GAGDH,QDULZAD,16.0.0
493,Apple iPhone 14,UW7S434L5F,5//N4A5,15.9.0
494,Samsung Galaxy S20,EZCHURH47T,YXDN825,12.1.3
495,Samsung Galaxy S21,NGNBWUNJMP,RW3TME3,16.1.1
496,Samsung Galaxy S10,FN4G24CYJ3,UEVQ5KN,15.9.4
497,Samsung Galaxy S21,PHH6YYWQZ3,/JGYW56,12.0.4
498,Apple iPhone SE,6N9AU7BUR9,6VZJ3TK,15.9.3
499,Samsung Galaxy S10,YA9CS8Q28Z,DFBUN9J,16.1.0
500,Samsung Galaxy S10,6DTS9SS8RV,/AR4KJB,16.1.2
501,Samsung Galaxy S10,3P4K82MVKH,TRZUHZ9,16.1.2
502,Apple iPhone 13 Plus,TARJPWYE95,4XTBAUX,16.1.0
503,Apple iPhone 13 Plus,W4Z62KHZUB,76EZRS9,15.9.4
504,Apple iPhone SE,F38V3ES7AJ,RAKDBG9,12.0.4
505,Apple iPhone 12,YD2VN5CN7Q,4CCBWW8,16.1.1
506,Apple iPhone SE,WYNUDP7HFW,L5PD9UC,15.9.4
507,Apple iPhone 13,PVAUHHZSL3,FCE6J3G,12.1.3
508,Apple iPhone 12 Plus,URRVCKCA6F,TQXSBZC,15.9.0
509,Apple iPhone SE,UC7M3EX4AF,E2BBFLB,16.1.1
510,Samsung Galaxy S22,55VJHUUCNC,MTYQ2G2,12.0.4
511,Samsung Galaxy S21,KR57DBR824,36V/CMT,16.1.2
512,Samsung Galaxy S22,ABNQHQM5HM,VMCCR7R,12.1.3
513,Samsung Galaxy S20,F4CT4V8HWX,66UFMZM,15.9.3
514,Apple iPhone 13 Plus,KWVMYZA8M4,HS39S79,12.1.3
515,Apple iPhone 12 Plus,A7MCMUF4YF,83QTPBD,15.9.4
516,Apple iPhone SE,6LLP5P6GCL,8R438HH,16.0.2
517,Samsung Galaxy S22,A2R2838ZCP,TDQHWGA,15.9.3
518,Apple iPhone SE,F72M747ANL,KVGXEH9,16.0.0
519,Samsung Galaxy S22,AFZUPUZNBK,66SQX7T,12.0.4
520,Samsung Galaxy S10,32WFUU82D9,A2RR4BF,12.1.3
521,Samsung Galaxy S20,5GSPRX4AL6,3MXPZQZ,15.9.0
522,Samsung Galaxy S20,Y7M3LQ5ANU,393N5Q6,16.0.2
523,Apple iPhone SE,XYT2G6LJJ6,DBW7X2X,15.9.3
524,Apple iPhone 12,EX7ASP2D2W,F8AT8CH,16.1.2
525,Apple iPhone 14 Max,XPNKR7QPF5,9JE4U86,16.0.0
526,Samsung Galaxy S22,7FEPDMK43M,SNVNT3Q,16.0.1
527,Samsung Galaxy S10,MFV6P3ZJKP,/CX/S64,15.9.4
528,Apple iPhone 13,3NF723GUWB,DE37NM/,16.0.2
529,Apple iPhone 12,X4FH8KFLG8,QPQKZU3,15.9.4
530,Samsung Galaxy S22,M85LFK5BN4,QQW58N5,16.1.0
531,Apple iPhone SE,3MF9F25NU3,FXHSLWA,15.9.0
532,Samsung Galaxy S21,XHCAQD9H9D,T3/SPMF,16.0.2
533,Apple iPhone 14 Max,SZXST6N643,YKFEX2S,16.0.2
534,Apple iPhone 12,LWZCTDFB4H,G2B/BXF,15.9.3
535,Samsung Galaxy S23,UPXEV8GXGR,NFW2JHB,15.9.0
536,Samsung Galaxy S22,UNVDB45PTL,M/WXM8K,15.9.4
537,Samsung Galaxy S23,8D3HMC2MB4,2R49JC3,15.9.3
538,Apple iPhone SE,NQ5U8P382M,XUZEKQA,16.1.1
539,Apple iPhone 13 Plus,L8VB6VTH2A,9W2HA/Q,12.1.3
540,Apple iPhone 14,GE7YUFDV69,SX6Y6GQ,15.9.3
541,Apple iPhone 14,Q7DXVWLN8T,7RJ23TU,12.1.3
542,Apple iPhone 13 Plus,UHED3UYBPG,JGU6E7F,16.1.0
543,Samsung Galaxy S22,8CY5AN4799,NPNY/W8,15.9.4
544,Apple iPhone 13,8MDEHD67GF,3C3W3ML,15.9.3
545,Apple iPhone 12,8AFDMD38F9,WWR9EGG,12.1.3
546,Apple iPhone 13,78PF34VMQ4,HK7N7B5,16.1.1
547,Samsung Galaxy S21,4HV8NF575E,WJLRC2Y,15.9.0
548,Apple iPhone 14,D3V7NBM6JL,S4BJ3W/,15.9.3
549,Samsung Galaxy S23,VKAVKBNDRX,7NEPLXQ,16.1.0
550,Apple iPhone 13,4UP3PFSX8J,GDPBPC4,16.1.1
551,Apple iPhone 13 Plus,9MTVRSLJLS,2GDE/2Y,15.9.4
552,Apple iPhone 13,DYJQFUP9RT,XH64JDK,15.9.0
553,Samsung Galaxy S22,WNG9F5GXSM,ZRZQTAB,12.0.4
554,Apple iPhone 13,55RGL2ZKWE,V2XDPQ3,15.9.0
555,Apple iPhone 14 Max,KYDGT9R4B9,E9GKWPD,15.9.0
556,Apple iPhone SE,BWGSN8ZUUV,5GH7MH/,12.0.4
557,Samsung Galaxy S21,98PXW9TRT3,EHBE27L,16.0.2
558,Samsung Galaxy S23,3ZUEPN27LS,QZUS7CX,16.1.1
559,Apple iPhone 14 Max,7U6EMH88BJ,69PTJ24,16.1.0
560,Samsung Galaxy S22,PKPHR5KX3N,D/GFPS3,16.1.1
561,Apple iPhone 13 Plus,FXBENDQVSY,WAK3WFL,15.9.0
562,Apple iPhone 13 Plus,GHLAEUP9EG,FW4TVYD,15.9.4
563,Apple iPhone 13,UFJJPDQBXS,PMHXSZZ,15.9.3
564,Apple iPhone 13,5HS9GXQJQM,TL5KAV9,16.0.1
565,Samsung Galaxy S23,43QY2UNVXK,4QSGY4W,15.9.3
566,Apple iPhone 12 Plus,D2YAA2DFY5,HE2NXVC,12.1.3
567,Samsung Galaxy S23,S5C9A7XHWJ,TDG2HDY,12.1.3
568,Apple iPhone 14 Max,NQ273FUSZH,WFYDUU5,15.9.3
569,Apple iPhone 14 Max,UFQTMVWP53,7XQFNZF,15.9.3
570,Apple iPhone 12,8U387SCC72,Y3Y/ATV,15.9.3
571,Samsung Galaxy S22,GRAAFAECWF,G24NJ45,15.9.0
572,Apple iPhone 12 Plus,S5BGK5R6RB,UH4L8/W,16.0.0
573,Apple iPhone 14,ZYQAHGAECF,UE7C5WZ,15.9.4
574,Samsung Galaxy S23,V6FCCPZ8NZ,5U8FCX2,15.9.0
575,Apple iPhone 14,M25HM79FAP,H9VPB3A,16.0.1
576,Apple iPhone 12 Plus,YWD2CW3AST,NFBUMVQ,16.1.2
577,Samsung Galaxy S21,HKFN348ZLP,AKLVD6K,15.9.0
578,Apple iPhone 12 Plus,7TSL79GP3S,YFXNGDK,12.1.3
579,Samsung Galaxy S20,SPQH4W4E2X,2BP5U5X,16.0.1
580,Apple iPhone 12,5RYWSDBG8J,X6LX9/8,16.0.0
581,Apple iPhone 14 Max,XHG8JTE8QZ,SKBP//3,16.0.0
582,Samsung Galaxy S21,PLSAZ8KGRV,5X8NV2U,15.9.0
583,Samsung Galaxy S23,ZRTBLEYEF3,UX8HRPB,16.0.1
584,Samsung Galaxy S10,BAAGGRMN3K,6U6L/T9,16.0.1
585,Samsung Galaxy S21,GL6J3YY497,9NVJ764,16.1.0
586,Samsung Galaxy S21,63LQVVNKW9,87B27Y/,15.9.0
587,Samsung Galaxy S10,NX8URFF63R,QB7M3RN,16.1.0
588,Apple iPhone 13 Plus,3RA7K7DS8N,35RRYLY,15.9.4
589,Apple iPhone 14,VUQTU6WYRU,HT6EP4G,16.1.1
590,Samsung Galaxy S21,3KWE2PDX97,EKLSSL4,16.1.0
591,Samsung Galaxy S22,XZ7U768RWE,Q4KW6VK,16.1.1
592,Apple iPhone 14,RYMXLL6DVW,7UTGE5Y,16.1.1
593,Apple iPhone 12 Plus,62NJ5VMK5J,RL66XY2,15.9.0
594,Apple iPhone 14 Max,VKXLJ8QJ88,8DBCB2W,15.9.0
595,Apple iPhone 12,PFP7QZ76A2,3QRRSPX,16.0.0
596,Apple iPhone 14,GPS9MD2SJ2,HH6N4UN,15.9.0
597,Apple iPhone 14,7KJT6B7BJA,78KLC4H,16.0.1
598,Apple iPhone 13,PM6R4FM63P,2X4J6KF,16.0.1
599,Samsung Galaxy S22,S3UBCD9QTW,JRNWB3H,12.0.4
600,Samsung Galaxy S21,7YSNAZ9JMC,H25J9ZL,15.9.0
601,Apple iPhone 12,QVDH42CGH6,AU3PREE,15.9.0
602,Samsung Galaxy S20,3C4QSELA2L,Z4YBS5N,16.0.1
603,Apple iPhone 14,8G2X7AEEDV,UKJCYE9,12.1.3
604,Samsung Galaxy S23,V7UEGTTH2H,MX9JHF3,12.0.4
605,Apple iPhone 13 Plus,R4MAV2E8LJ,BDMY8TU,16.0.1
606,Samsung Galaxy S22,LHK74JCJW5,6ERNEF3,12.0.4
607,Samsung Galaxy S22,EKRAAC9PGQ,YJCKNL6,12.1.3
608,Samsung Galaxy S23,AHTLDFKJWN,8PYF/UE,12.0.4
609,Apple iPhone 14,8HMYNTVR8R,2H6SHWB,16.0.1
610,Apple iPhone 12 Plus,6NWN3JCVT3,WVDLPHC,16.0.2
611,Apple iPhone SE,Q82YM8D24F,J/PDRWE,16.0.2
612,Samsung Galaxy S21,VMDWU3QQU7,BENC9WD,16.1.2
613,Samsung Galaxy S20,MNAESXAPXR,994B9TU,15.9.0
614,Apple iPhone 13 Plus,2ZVRSKA2Z9,FDTDJS5,15.9.3
615,Apple iPhone SE,FLH5WSD9P4,JTRTHSJ,15.9.4
616,Samsung Galaxy S22,5EPKN5XDW3,26VXLGV,12.1.3
617,Samsung Galaxy S21,8M5XGAA64L,ANZBX6M,16.1.1
618,Apple iPhone 14 Max,ACK57PUW7B,XRLCP6S,15.9.3
619,Apple iPhone 14 Max,T44NNHCPHQ,788H3T2,12.0.4
620,Apple iPhone 13 Plus,DCX6KBNY9V,CKQFS2X,16.0.1
621,Samsung Galaxy S23,35SWJ4H38N,VG4P/RY,12.0.4
622,Samsung Galaxy S22,R32PQKX96J,RTTWFPV,16.1.0
623,Samsung Galaxy S22,QATZGWLMHE,K4QMP93,12.0.4
624,Apple iPhone 13 Plus,QMPPJ65H4B,M7QKLN6,16.0.1
625,Apple iPhone 14,YSQPWEP6TS,K2P77UA,15.9.0
626,Apple iPhone 12,JB86N8KJ7J,8FGCE37,15.9.3
627,Samsung Galaxy S23,FTZYLBHYDA,XPG322J,16.1.1
628,Apple iPhone 12 Plus,3WBZ53RY7V,96C2D8E,15.9.0
629,Apple iPhone 13 Plus,3G6K5LPGMS,VGYH/Z4,16.0.0
630,Samsung Galaxy S22,URKKL7MGJN,4UFV9YG,15.9.0
631,Apple iPhone SE,NPMMUVPXUS,64364LS,16.0.2
632,Apple iPhone SE,M6SQKQ5CYQ,JBGM/Q7,16.1.1
633,Samsung Galaxy S21,JGHQKFLWB2,2RW599E,15.9.4
634,Apple iPhone 13,FL6YBDE5K8,D628MKK,15.9.3
635,Samsung Galaxy S22,FWBWV7BEZS,JU9MNXT,16.1.0
636,Samsung Galaxy S21,L5RSAHDHRD,5DTAG6N,16.1.0
637,Samsung Galaxy S20,HY26CHQKS6,D4ADLG8,12.0.4
638,Apple iPhone 14,9S4LK8PJ6E,YL5AH3L,16.1.0
639,Apple iPhone 14 Max,GF2HJDXMZY,QAERRAZ,16.1.1
640,Apple iPhone 13 Plus,AJBB4U52KC,RZEMPUP,12.0.4
641,Samsung Galaxy S21,JJC3KWTKLG,EGS2UJG,16.0.2
642,Apple iPhone 12 Plus,F5KVKSSQRJ,9WLUNMM,16.1.0
643,Apple iPhone 13 Plus,7D9V7X2U8N,LLZXH6D,12.1.3
644,Apple iPhone 13 Plus,BP2TAMESUX,VXMS829,12.0.4
645,Apple iPhone 13 Plus,8RWRDYMNZ6,EF4JZ3R,12.0.4
646,Apple iPhone 14,KZ6FWG66VW,RSVLD4C,16.0.0
647,Samsung Galaxy S23,GY22QDUEUL,V4UBJ9E,16.0.2
648,Samsung Galaxy S10,D8J8DUCYVJ,82GCD68,12.1.3
649,Samsung Galaxy S23,ELM74XKQZ4,3LVW2FH,16.1.2
650,Samsung Galaxy S20,VZ8ARZK9CP,M8S6EBL,16.0.1
651,Apple iPhone 13,KBQUZAJ5YW,7WM89BW,16.0.1
652,Samsung Galaxy S21,BDGCGW5DE7,AKTL35Y,15.9.0
653,Apple iPhone 13,9RJE4Y9XRG,N9UBMQ6,12.1.3
654,Apple iPhone SE,XDDZ9W27FD,NGRHBPC,15.9.3
655,Apple iPhone 12,THWKRR7SXS,WKNDRKB,16.0.1
656,Samsung Galaxy S22,WFN7BEF67V,4P6CBME,15.9.3
657,Apple iPhone 14 Max,DQ7SV29EVL,Z8K5LC2,15.9.3
658,Samsung Galaxy S10,DSXNBHR5TN,CSLKWAU,16.0.1
659,Apple iPhone 12,EFTFNZ55MH,5BD645D,15.9.4
660,Apple iPhone 14,GQPYHPM9BR,ZF7ZP6C,15.9.0
661,Apple iPhone 14 Max,ZU677J5D8A,Y54PJG5,15.9.3
662,Apple iPhone 12,VX4PENK7FH,GU8NYGT,15.9.3
663,Apple iPhone 14,Z76E2JSELB,SDWVHU2,12.1.3
664,Apple iPhone SE,UFNB8PW6DD,R39L52M,12.1.3
665,Samsung Galaxy S10,T7ETXN5JQD,S/WDTYJ,16.1.2
666,Apple iPhone 12,7GKGDNWPVE,BU63AW/,16.0.1
667,Samsung Galaxy S10,GPDGFRH9XD,Z634QXU,15.9.0
668,Apple iPhone 13 Plus,V3DBLA4Q8S,YHZ/MCA,15.9.0
669,Apple iPhone SE,DY4UDNJ9HG,X3XU7FR,15.9.4
670,Apple iPhone 14,JFP9KCCT9N,8HZ3/B5,16.1.1
671,Apple iPhone 13,RB3ZDWC4BG,UNS5YF2,16.0.0
672,Apple iPhone 14 Max,PCZ7VASYML,5N9MALR,16.1.2
673,Apple iPhone 12 Plus,MSFGYTWV8Q,XBQQ8W5,16.1.1
674,Samsung Galaxy S21,JJEUSG3B82,UD4Z77Q,12.0.4
675,Apple iPhone 12,PKWTUHNHVR,QWCPLFN,12.1.3
676,Samsung Galaxy S22,YE4CN8YK2M,SYF5ZMC,15.9.3
677,Apple iPhone 14 Max,TJHNE6S64Q,CSDX/7T,15.9.4
678,Apple iPhone 13 Plus,FJ3X2ET2YD,JNAK8W2,16.1.0
679,Samsung Galaxy S21,QLW29LQREP,6T4WDN6,16.1.2
680,Samsung Galaxy S10,T8EGL73TU5,C68D/SD,15.9.0
681,Apple iPhone SE,SMQSE35EXU,RB7S9HJ,16.1.0
682,Samsung Galaxy S20,E8E6QULUPQ,E9FW3MM,16.1.1
683,Apple iPhone 14 Max,HCPBLBGTBD,B93ZRGS,16.0.1
684,Samsung Galaxy S23,WMRZH73P4A,TF8EYQ3,16.1.1
685,Samsung Galaxy S22,Q8LBBBCZ2C,5/JZPC2,12.0.4
686,Samsung Galaxy S22,JZ5ZD4TTX9,36DC/VP,12.0.4
687,Samsung Galaxy S21,79E77PCJ9D,PHHZSHP,15.9.3
688,Apple iPhone 12 Plus,QCUDDUL8R8,K6VTCLX,16.0.0
689,Apple iPhone 12,BNBH8PCN9K,LZ3YNHS,12.1.3
690,Samsung Galaxy S10,6LDZADYBVK,3K24L37,15.9.0
691,Apple iPhone 14 Max,JBGCZSNZHL,FQQNZXV,16.1.2
692,Samsung Galaxy S10,3ZK6UP45WP,H/6CABN,16.1.2
693,Apple iPhone 13,9LQB2LTUP3,VN4NKP/,15.9.4
694,Samsung Galaxy S22,BC27RTBC3J,RXXNQ29,16.1.1
695,Samsung Galaxy S23,RLP7KRXGEX,U8CKGU3,16.1.1
696,Apple iPhone 12 Plus,9FQ4LM5WUH,R3PLQZ4,15.9.4
697,Apple iPhone SE,559FGNVHY6,9YJNCP2,12.0.4
698,Apple iPhone 14 Max,93WKR4UR4P,/PGPUVL,16.0.0
699,Apple iPhone SE,LMNKY2YFXX,SBFDDA3,16.1.0
700,Samsung Galaxy S20,5YAE7R6SLA,8LS672B,15.9.3
701,Samsung Galaxy S21,E3TZ43RKWV,QMB2JKL,16.0.2
702,Samsung Galaxy S22,3PSDYDZJCV,A6VH5RA,16.1.2
703,Samsung Galaxy S21,RG3N3323JA,B3E6YGB,15.9.0
704,Apple iPhone 14,64ZRPMTKQV,BF4N6YP,16.0.0
705,Samsung Galaxy S23,SCN9EM5LYD,QKZDWEN,12.1.3
706,Samsung Galaxy S20,24S2HG4USW,T49NLRY,16.0.0
707,Apple iPhone 13,G9PSUD79NP,ZLU3C5J,16.1.2
708,Samsung Galaxy S22,EHZS9PTNGJ,EUYGSK2,16.1.2
709,Apple iPhone 14 Max,XZEYVP9FZK,6RDES/4,15.9.0
710,Apple iPhone 14 Max,RBAXJZNA4E,8UQM8VC,16.1.2
711,Apple iPhone 13 Plus,U59CPAFDSK,FRJ/VBK,16.0.1
712,Apple iPhone 12,CLB74K2T7B,TTHH3Q6,12.1.3
713,Samsung Galaxy S21,2HMDT9KW8T,QZ27R7E,16.1.0
714,Apple iPhone 14,U3EF3VYWHG,TME8YEV,15.9.0
715,Samsung Galaxy S20,SZF2K68USB,SCTZFRR,16.1.2
716,Samsung Galaxy S10,PNFD2PJVRS,GFNQUF7,16.1.0
717,Apple iPhone 12,XYT9EZAN9V,GUA/DA7,16.1.1
718,Apple iPhone 12 Plus,HW2X8ZZP7P,9N9S4HN,16.0.1
719,Apple iPhone 13,P3Q9VHJ8UT,WM5MUQZ,12.1.3
720,Samsung Galaxy S20,AZEMAW5NW7,4HATUQS,15.9.3
721,Apple iPhone 13 Plus,SRBM9J3EZJ,4NY5F8T,16.0.2
722,Samsung Galaxy S21,FR4FBRPYZ9,WE8JU29,12.1.3
723,Samsung Galaxy S10,5UNLDMWBEL,HN32/8D,15.9.4
724,Apple iPhone 12,6HEGYGS9FC,26Z28D7,15.9.4
725,Apple iPhone 12,H33AL5SXP3,GG4MENE,12.1.3
726,Samsung Galaxy S20,FN2B5BD8XD,PCHKX47,15.9.4
727,Samsung Galaxy S22,85L7VYUFTB,A776DBJ,15.9.4
728,Samsung Galaxy S20,5Z2BLB9U9L,RULRCB8,16.0.1
729,Apple iPhone 14 Max,7Q7KA9S6D2,G7MRRPP,12.0.4
730,Apple iPhone 13,GFEZ828CVX,DHBUEQW,15.9.0
731,Apple iPhone 12 Plus,93JCTHG2DY,/HU9PXA,15.9.3
732,Apple iPhone 12,RSDR748UWT,S3QC6U2,16.1.0
733,Apple iPhone 12,TAGPLV8T42,KBDN3L4,16.1.0
734,Samsung Galaxy S10,7PF3AKHBH5,/LGAZ4T,12.1.3
735,Samsung Galaxy S20,824JB8B9SW,PWUDMGR,12.0.4
736,Samsung Galaxy S22,XFQBWFU86B,WD452M6,16.1.0
737,Samsung Galaxy S10,JADT6C9VK8,HHN3UAH,12.1.3
738,Apple iPhone 14,LJMZFP5E5D,Q29G2CV,16.1.0
739,Apple iPhone 14 Max,VK7NV3H689,KSQKD77,16.0.1
740,Samsung Galaxy S10,WDUQHP4H8G,PMXTVSG,16.1.1
741,Samsung Galaxy S20,CUHQNBHS7E,T4FSBAA,16.1.1
742,Apple iPhone 14,Y49USAF4GE,G2MXTBQ,16.1.0
743,Samsung Galaxy S10,RMB5D2XT5Y,TA4WGBU,16.1.0
744,Samsung Galaxy S10,K4ETCF9R5Q,87TMXF8,16.1.0
745,Apple iPhone 12,QPB69BRGRU,5VELFAP,16.0.1
746,Samsung Galaxy S10,4UFF3EBKHE,SMRFHV8,12.1.3
747,Apple iPhone 13,LUAWR2TP5G,6LDP3YV,16.1.0
748,Apple iPhone 13,2B55W4EPYL,R6WHLN4,15.9.0
749,Apple iPhone 14,AMRYNH4SWK,C67ZPQ4,16.0.0
750,Samsung Galaxy S21,SCRXZYJS7X,D8G7BUS,16.0.0
751,Apple iPhone 13 Plus,2646JPV5BE,VGV66SC,16.1.1
752,Samsung Galaxy S21,MNFM5CB8HU,QTMAUN2,16.0.1
753,Samsung Galaxy S22,UJLC63Y225,M92GAQX,12.1.3
754,Apple iPhone 12,JWN6TDBW6H,7D4JWGE,16.0.0
755,Apple iPhone 12,KKZPK9BH77,3QTRFSY,12.1.3
756,Samsung Galaxy S20,PFREUHPCUR,AD4H5DZ,16.1.2
757,Samsung Galaxy S23,2F5GNNS3QV,CPCSE7L,16.1.2
758,Apple iPhone 14,XEBM6FV746,MDPCCVD,15.9.3
759,Apple iPhone 12 Plus,4K9TGV4ZWW,TW/SKZK,15.9.4
760,Samsung Galaxy S21,55ANRDZZM3,VCKFJRA,16.1.1
761,Apple iPhone 13 Plus,G4ETXN8QQH,/CMQ/JJ,16.0.0
762,Apple iPhone 12,VAZUDGGL59,AY3/LKR,15.9.4
763,Apple iPhone 14,FHGCSNJGZH,EEKQJK3,16.1.0
764,Apple iPhone 12 Plus,3WD9GB2NUE,JZW2YXK,12.0.4
765,Samsung Galaxy S23,33GVBBEYR4,7A6GJQE,12.0.4
766,Apple iPhone SE,LE7KM2V94W,EMNBL/C,12.1.3
767,Apple iPhone 13 Plus,UC4Z5VSRL6,8/S8YW9,12.1.3
768,Apple iPhone 12,XZHRNB7S2Z,RKCPP/S,16.0.1
769,Apple iPhone 12,LNXFX4RKG2,AFNXYKG,12.0.4
770,Apple iPhone 12,ZY9A592YSN,XWNF3E3,16.0.2
771,Samsung Galaxy S23,LWZ7B7FWPP,CS3VULK,16.1.1
772,Samsung Galaxy S22,DN8LK76SEN,WVN7CAC,15.9.0
773,Apple iPhone 12,LWQXQMDZKW,JHFGLJT,12.0.4
774,Apple iPhone 13 Plus,GXLLF4XL6Z,HCKED7C,16.0.2
775,Apple iPhone 13,G3V2SUFWEA,8DLHYPE,16.0.1
776,Apple iPhone 12,GLW5TGL4Z5,DLQRD2/,12.1.3
777,Apple iPhone 14,NNN9SF8AV6,FTPAFQU,16.0.2
778,Apple iPhone 12,U78YBWA7N6,3M46/CW,15.9.3
779,Apple iPhone 14,PBGXMDSYLK,3JN69M6,16.1.2
780,Samsung Galaxy S20,X7BF6PUP9U,DQJ37VF,16.1.2
781,Samsung Galaxy S10,LN33J37EF6,ZNVEG7F,12.0.4
782,Apple iPhone 14 Max,FK3Y9BKNXP,JRDKKF2,16.1.0
783,Samsung Galaxy S21,4ZYWNYUYPQ,4ND47CC,15.9.0
784,Apple iPhone 13,8RW5AUPR7V,KQKXD5V,16.1.1
785,Apple iPhone 12 Plus,2BTJXZH3Y8,PEYR4LV,12.1.3
786,Samsung Galaxy S21,UBS34DMAVR,AX9NVTY,15.9.3
787,Samsung Galaxy S21,GE84JRNV2E,G4MNSXG,15.9.3
788,Samsung Galaxy S21,HZ5X7P9KZY,XTY7RR6,12.1.3
789,Samsung Galaxy S21,9XH7X6A6ER,FE7V3NW,12.1.3
790,Apple iPhone 12 Plus,3HP5ZEBCCF,R98HE4E,15.9.3
791,Apple iPhone 13 Plus,VBVV8E4M88,/F8P67C,12.0.4
792,Samsung Galaxy S22,LARDEN5VV7,XABV2P7,16.1.1
793,Apple iPhone 12 Plus,FZT4YFCC8Y,N8T8ZTY,16.0.2
794,Apple iPhone 14 Max,NFFJWBCCLZ,LNHMSTV,16.1.1
795,Samsung Galaxy S23,DAJGBNLEB3,B/FDB8S,15.9.3
796,Apple iPhone 12 Plus,W8CSCUPLB4,UGLWX7X,16.1.2
797,Samsung Galaxy S21,28PBGL9KGB,X3PHCGS,16.0.2
798,Samsung Galaxy S22,SPWRDX9RJ6,DJ8FX3H,15.9.4
799,Samsung Galaxy S22,64V2DRPVB7,/FWDWZ9,16.1.1
800,Samsung Galaxy S22,FHH76PH2YF,7YJV5YQ,16.1.2
801,Apple iPhone SE,7RW587QY4Z,54BCL/V,12.0.4
802,Apple iPhone 13 Plus,ZTPGF5G624,7T69BZ5,15.9.0
803,Apple iPhone 14 Max,XSHB8ABCVY,QXTUHP7,15.9.3
804,Samsung Galaxy S21,TSJSQLVB3F,96KXX3Y,12.1.3
805,Apple iPhone 12,HR29C44ZNB,B/CDJCJ,15.9.4
806,Samsung Galaxy S23,WCXGD6LFXT,VQ3C7PH,16.0.2
807,Apple iPhone 12 Plus,JJZ7LAKDW2,LCLGB3K,15.9.3
808,Apple iPhone 12,7QWBSK4ZLQ,JMZJPBZ,16.0.0
809,Apple iPhone 12 Plus,ZG876XWDQW,LQML66D,16.0.2
810,Apple iPhone 12,S84SF7W6QK,BP25P4T,16.0.0
811,Apple iPhone 14 Max,6C9CHKRTNM,NJQJBCY,15.9.4
812,Apple iPhone 12,VCN9PWGUG8,3UH4A3Z,16.0.2
813,Apple iPhone 14,N6UWC9DMZH,/UNUB4A,16.0.2
814,Apple iPhone 12,2Q2XMWBYVZ,P3F8LT6,16.0.2
815,Apple iPhone 14,KGZYS5YD5X,DZ3QTN4,16.0.2
816,Apple iPhone 14,YC7SC5ZL6J,5Y5AX7G,16.0.1
817,Apple iPhone 14,D8RC7SK56B,D7WDXUR,16.0.1
818,Apple iPhone SE,MRY9SNZXLY,UX8D58F,12.0.4
819,Apple iPhone 12,7968VD7XPH,G7VZVER,16.1.0
820,Apple iPhone 12 Plus,3SHJW98TRP,P22DPYL,12.1.3
821,Samsung Galaxy S21,JTCDHFSGF4,57QD9CA,12.1.3
822,Samsung Galaxy S10,KUYBK6PYQZ,4LKC334,16.0.1
823,Apple iPhone 13,97U4GNURFU,2FUWKVN,16.1.0
824,Apple iPhone 13 Plus,WAE93XM9WM,QJKSW26,16.1.0
825,Samsung Galaxy S10,YGQRAMWD73,GVYMGJJ,16.1.2
826,Apple iPhone 14,A7CNV7UCCG,CTJP3AS,15.9.3
827,Apple iPhone 13,AKVV3FP4TZ,LQ6/R39,16.0.2
828,Samsung Galaxy S22,5AGMMRA4BQ,F59AKQN,12.0.4
829,Samsung Galaxy S20,A7SRZ6KJRL,JNYJ4TP,16.1.0
830,Apple iPhone 12,YUM38X2MW8,X784PBY,15.9.0
831,Samsung Galaxy S20,HCHCPHE2RQ,CVFVDTZ,16.0.2
832,Samsung Galaxy S20,ZE296VW379,DT4D67H,15.9.4
833,Apple iPhone 13 Plus,T59QXYEKLU,ZWAXFES,16.0.2
834,Samsung Galaxy S22,JLTFERD9J6,4GEQ84C,12.0.4
835,Apple iPhone 14 Max,8ASE42LJLT,UQ6WTFQ,15.9.0
836,Samsung Galaxy S20,NEFDBBALZ4,MFEW776,15.9.4
837,Apple iPhone 12 Plus,9X9UYQS3SN,LZ/S6VV,12.0.4
838,Apple iPhone 13,BHJ6UPWHQL,QNML6Z4,16.1.0
839,Apple iPhone SE,WV7HMVU7MT,W7S9HGT,16.0.2
840,Apple iPhone 12,Q38H6DBJUA,8V/78S2,16.1.0
841,Apple iPhone 12,G37M9KR2C2,HH8DD8P,16.1.1
842,Apple iPhone 12 Plus,4K7M9J7VCV,G6AE7TF,16.0.0
843,Apple iPhone 13,QZQG962PAN,/MGE9FR,16.0.1
844,Samsung Galaxy S22,SV7VMXTB8U,HHCCXN3,16.1.0
845,Samsung Galaxy S22,9P6BAH9RJ2,YXT8Q62,12.1.3
846,Apple iPhone 13,L6CT76E2QY,BJXWYJU,12.1.3
847,Samsung Galaxy S22,G3L5SDQLRR,CFV3WHH,12.0.4
848,Samsung Galaxy S21,8BET5ZZ9XW,NWCKFQJ,16.1.2
849,Samsung Galaxy S20,DXXQU9QTVP,CJUVTVY,12.0.4
850,Apple iPhone 12 Plus,76M5FLGCKF,5Y26QN6,12.0.4
851,Apple iPhone 13 Plus,PMM7UCK9X5,ADSC3CB,12.1.3
852,Samsung Galaxy S23,FK5H29TP6R,9EJBERV,15.9.4
853,Apple iPhone 12,R2892SJU3C,64DR9N2,16.0.2
854,Apple iPhone 12 Plus,DMMB3RXKPR,3R7EEXQ,16.1.1
855,Samsung Galaxy S23,KX7JFGVEJQ,J5LJ6EF,16.1.2
856,Samsung Galaxy S10,KVAU5USDDA,F/X6KW7,15.9.3
857,Apple iPhone 12,9X2KW4WDD2,5RA3YUN,12.0.4
858,Samsung Galaxy S23,8NUDDZ8BTD,S3LXM/A,16.0.1
859,Apple iPhone SE,A69T9DV8CN,FLU9TUW,16.1.0
860,Apple iPhone 14,YXC6RHKLBX,TNL3SBV,15.9.4
861,Apple iPhone SE,WRAW6TTHLS,YRR4Q6E,16.1.2
862,Apple iPhone 12,74G7YFRBTC,9AA3LPV,16.1.1
863,Apple iPhone 14,ZAT52QRCRJ,GSDFV3B,16.1.2
864,Samsung Galaxy S20,YWQ9VCGXUT,7TCUWFS,15.9.4
865,Apple iPhone 14,ETWUV8T3T3,QDL79X6,12.0.4
866,Apple iPhone 13,GL4KP35J2F,CGGFWWD,16.0.2
867,Apple iPhone 14 Max,JCPDKAF4U3,N2JWKZZ,12.1.3
868,Apple iPhone 14 Max,K24SEKAPHJ,ANN3U/Y,15.9.0
869,Samsung Galaxy S23,VZWZ7LLCVZ,47PYJPZ,16.1.0
870,Samsung Galaxy S20,TJA4XJ627E,UR2XQCZ,16.0.1
871,Apple iPhone 13 Plus,R8R6QHA5VR,LZ2S3P4,12.0.4
872,Apple iPhone SE,XYBWU2JHQX,MECVG3W,15.9.0
873,Samsung Galaxy S23,3PUGM7GXGN,FZF22V7,12.0.4
874,Apple iPhone 13,XTDDSPPN5X,46AN8G/,16.0.1
875,Apple iPhone 13,TJ6E3PYU2V,R2WZFXL,15.9.3
876,Apple iPhone 12,6NNGCZWBHR,TZ8L6F5,16.0.2
877,Apple iPhone 14 Max,EU7HJAQT5E,TLY/A5W,16.0.2
878,Apple iPhone 13 Plus,895KHREAHE,WCUNGVH,15.9.0
879,Samsung Galaxy S10,F7AP7TW6M6,GRU2FLZ,12.0.4
880,Apple iPhone 12,AC8CLFFT7Q,T8K/28N,16.0.1
881,Apple iPhone 12,NCBMJG5XK4,5JDEEDS,16.0.1
882,Apple iPhone 13 Plus,U7PKU72C9F,DBS/LE8,16.1.2
883,Apple iPhone 12,J9PAXUUQJC,BMXKK8Z,12.0.4
884,Apple iPhone 13 Plus,F7JTRUCPYJ,2MNGB4L,16.1.0
885,Apple iPhone 12,GM8UA7QW5S,V7XCQ27,15.9.0
886,Samsung Galaxy S20,L2VEGQ8U87,3K35JBZ,15.9.4
887,Apple iPhone 14 Max,JAGEN7BVJE,RWLVFBZ,16.0.1
888,Samsung Galaxy S20,TYVDPB4WKB,K2Z/WCP,12.0.4
889,Samsung Galaxy S22,QUR3QGQM2C,XVKQFQG,15.9.0
890,Samsung Galaxy S21,C2VGLUAXM6,66X5DCB,16.0.0
891,Apple iPhone SE,AN5PS8G735,C867VGX,15.9.4
892,Samsung Galaxy S23,FG37VD46ZX,5H6CVPJ,16.0.2
893,Apple iPhone 14,PQGRN3P2AE,WVMP3RJ,12.0.4
894,Apple iPhone 14,UHD86LCS8U,X3RWHKG,16.1.0
895,Apple iPhone 12 Plus,WNT6AKAT9M,842QVXZ,16.0.1
896,Apple iPhone 14,UW2DCUCSZ9,QKBZ/D6,16.0.2
897,Samsung Galaxy S22,QHYZVZU6LG,4P4/PJ2,12.1.3
898,Apple iPhone 14,M29AUMARDG,J6RYL7/,15.9.3
899,Apple iPhone 14 Max,P64PV3ZRCZ,SJXDTHV,16.1.1
900,Samsung Galaxy S21,9HUVELYCF8,/DN9HMQ,16.0.2
901,Apple iPhone 12 Plus,UHLT2M49J7,SR5H/S5,16.1.1
902,Apple iPhone 14,PQC6XC5PJP,KNCVLSH,15.9.4
903,Apple iPhone SE,B7EBJ9L4M4,ENJ8H6E,12.1.3
904,Apple iPhone SE,BRFVWF6YUJ,DUA3LHX,15.9.4
905,Apple iPhone 12 Plus,JBGWUPS546,XC5NFBB,16.0.0
906,Apple iPhone 14 Max,MGVMTWVWPE,XQW3QQP,15.9.0
907,Apple iPhone 12 Plus,4C6T3CEL3E,H6ZSS8D,16.1.0
908,Apple iPhone 14,XTQFME5MH3,AH2BGCU,16.0.2
909,Samsung Galaxy S22,RRZG8WQABS,PL7G27S,16.0.2
910,Apple iPhone 13,NMLE7T499K,6JUS9P3,15.9.3
911,Apple iPhone 13 Plus,MEKYBYA4E8,GA9FKMJ,16.1.1
912,Samsung Galaxy S22,GBCQUW38MT,ER6P4WA,15.9.4
913,Samsung Galaxy S22,42ESHE7ZJE,W67HEZZ,15.9.3
914,Apple iPhone 14,9ENZKUKXY5,KD5RYF9,16.1.2
915,Samsung Galaxy S22,AYZPC6YKV6,ZCBL4Q/,15.9.4
916,Samsung Galaxy S20,HN8SYTDR9T,VM2UHQA,12.1.3
917,Samsung Galaxy S23,HKUQV44J5G,/X7WRW7,16.1.1
918,Apple iPhone 14,5HWMEQXR9Y,L4ULY4F,15.9.4
919,Apple iPhone 12,M6GYPRV4R5,Y7CBS9X,16.1.2
920,Apple iPhone 14 Max,9V244BMZFR,8BX7ARJ,16.0.1
921,Apple iPhone 14 Max,PVZ9C25ZL8,B3WJBYZ,15.9.4
922,Apple iPhone 13,5KD53Y9YLX,X8L65UW,12.1.3
923,Samsung Galaxy S20,EP8B3XDWFR,L3JELJJ,15.9.4
924,Samsung Galaxy S23,3TR5QNFXW4,L95SDXR,12.0.4
925,Apple iPhone 12 Plus,RB4CBV586C,SBQB67C,16.0.2
926,Samsung Galaxy S22,C86B68BNJ2,9BRR7/V,12.0.4
927,Apple iPhone 14 Max,CRZVXPQR68,3HWCCAK,16.1.0
928,Apple iPhone 14,S6PV528JUY,8VYV9/L,16.0.2
929,Samsung Galaxy S22,CA6K3PA95S,4CPMU8B,16.1.0
930,Samsung Galaxy S20,Z4G6WPT5TM,GDM9KAU,15.9.3
931,Apple iPhone 14 Max,CEJ5FGH9YM,EF66YEP,16.0.1
932,Apple iPhone SE,VT5C9QPE3J,PAL5V97,16.0.2
933,Apple iPhone 14,C3DZYBYCSU,LWPF5/7,15.9.0
934,Apple iPhone 12 Plus,HVU38H4BBV,/K/DTJU,16.1.2
935,Apple iPhone 12 Plus,EDLNRHUBP3,9TRFK2R,15.9.0
936,Apple iPhone 12,8NZ6EW5CGC,JFYUJPA,15.9.4
937,Apple iPhone 14 Max,4NP23F93DD,BZYE7VT,16.0.0
938,Apple iPhone 13 Plus,3C7R54Z53B,LEXH8DE,16.0.2
939,Samsung Galaxy S23,URTXCG4TAF,FRN6G4Z,15.9.3
940,Apple iPhone 14,BUVC89XRHY,6JDFFXU,16.0.1
941,Samsung Galaxy S10,8M79AXHKXE,RU/UZXR,12.1.3
942,Apple iPhone SE,2SERBQ4EDJ,PV4GNBL,15.9.3
943,Apple iPhone 12 Plus,9BBBMACL5F,FNEQCFG,15.9.4
944,Apple iPhone 12 Plus,C4VJ8UZ4M6,FV6L9F6,16.1.1
945,Samsung Galaxy S23,SBTU8M36AA,MYQBUDR,16.1.0
946,Samsung Galaxy S22,R3UM859C7C,WQXVXWP,15.9.4
947,Apple iPhone SE,V5EKZ57LZH,8T9BTTG,16.1.2
948,Apple iPhone SE,Y722233X6R,TZN72PU,15.9.4
949,Samsung Galaxy S21,6DU5XNSKBJ,FUU4B7B,16.1.1
950,Apple iPhone 14,UC3KAWAKZC,CMDXUFD,12.1.3
951,Apple iPhone 13,7LR9BG6LAY,DBLA68M,15.9.0
952,Samsung Galaxy S22,BQKK96F2VK,ANFTT8R,16.0.2
953,Samsung Galaxy S23,5DCN3VUNQ7,GGNZ/KS,12.0.4
954,Samsung Galaxy S23,JV978Z3VH7,YYS5H/4,16.0.2
955,Samsung Galaxy S21,RAG7DW6823,C8VQ9D8,16.1.1
956,Apple iPhone SE,ASGKV6FNGB,KW5CJXZ,16.1.1
957,Apple iPhone 12,GNDXEKRWSZ,PJ86FYH,15.9.4
958,Apple iPhone 12,PLUDM6KM3E,TG/C9SL,16.0.1
959,Samsung Galaxy S21,97ELSNPXDV,ASZDM5S,12.1.3
960,Samsung Galaxy S23,J326C7VQ97,G3M48LE,12.0.4
961,Apple iPhone 12 Plus,HMW29VKVHN,RARFEEV,16.0.0
962,Samsung Galaxy S20,8NM79B4P5G,MGVUA7T,16.1.0
963,Apple iPhone 12,56YEUPRLT9,JQ5U8HE,16.0.1
964,Samsung Galaxy S21,WF9D97N4NW,DN5N278,16.0.1
965,Apple iPhone 13 Plus,JKRZ33X2BN,GGYAS9W,16.0.2
966,Apple iPhone 13,USDCS6H245,QABX/K7,15.9.3
967,Samsung Galaxy S23,8ZBV83UXM7,JTFMGJV,16.0.1
968,Samsung Galaxy S23,VEHPRUQ96Y,TGECM8/,15.9.4
969,Apple iPhone 12,B5XE6FHZ5A,VQXZ/Y7,12.1.3
970,Samsung Galaxy S10,HVZCS2XXA5,TE2L9Z8,16.0.0
971,Samsung Galaxy S10,BSQZHNYWWN,6J7YMDU,16.1.0
972,Samsung Galaxy S21,9HLFUK9TY8,98YSXTG,16.0.0
973,Apple iPhone 13 Plus,59KF5QWGF5,YAUN8U5,12.1.3
974,Apple iPhone SE,WYJ3VNYJFM,94KFVZ/,16.0.1
975,Samsung Galaxy S22,SA3KD6FW37,LGKHT79,15.9.3
976,Samsung Galaxy S22,NWRA84LFKU,7W/B2ZV,15.9.4
977,Samsung Galaxy S21,MSPDHNMBBV,9S/BA5H,16.1.0
978,Apple iPhone SE,KK3N9XHCHD,EJ22/AV,16.0.2
979,Samsung Galaxy S10,U3PVH35UL9,/YZXXRQ,16.0.2
980,Samsung Galaxy S10,4VE2YZ9FXV,7TLLK4C,16.1.1
981,Apple iPhone 13,A83PTS4WVG,RZK4BE2,15.9.3
982,Apple iPhone SE,VE4G2ZZBB8,TEKQS2D,15.9.0
983,Samsung Galaxy S22,DHSCJALUR8,WCDMSD8,12.1.3
984,Samsung Galaxy S20,9JF8YVLVN5,DJPE9C4,16.0.1
985,Apple iPhone 13 Plus,YTML7KKDTT,RJHQ2TV,16.0.0
986,Samsung Galaxy S21,MUE26HACE8,26NEJX5,12.1.3
987,Apple iPhone 12,Z2ZWTUH8XT,Z388/TF,15.9.0
988,Samsung Galaxy S20,QFA8C6836S,5KGH/ZL,16.0.1
989,Apple iPhone SE,MRQJKRMBEU,RW6NC3P,12.1.3
990,Samsung Galaxy S20,KKP4JT2H58,BJ787B5,16.0.0
991,Apple iPhone SE,W9VXAFTAJ8,RUW7FAW,15.9.0
992,Samsung Galaxy S21,5HNV5NH77T,WW/A5RU,12.1.3
993,Samsung Galaxy S10,K8SBD9WJAH,YHUJFZV,15.9.4
994,Apple iPhone 12 Plus,LU7V44A84K,AUR9HHW,16.0.0
995,Apple iPhone SE,RC7A3NDXDH,GQA6WR5,16.0.0
996,Apple iPhone 12 Plus,NU66SYNCYP,VZFH5HD,15.9.0
997,Apple iPhone 14,QDHZLG8HJJ,37HWQ4N,15.9.3
998,Samsung Galaxy S22,8YH87MD7G5,T5GBKW6,12.1.3
999,Apple iPhone 13 Plus,2NW24QHWEH,2X67X48,12.0.4
1000,Apple iPhone 12 Plus,Q3R6G9U3FS,2GC2NL9,15.9.3
